{
  "assetsByChunkName": {
    "vendors~app-account~app-checkout~app-confirmation~app-order": "chunk.8ff3b8f8ec1d9a384cf3.js",
    "vendors~app-account~app-confirmation~app-order": "chunk.995debe0ca2a7db9b789.js",
    "vendors~app-account~app-checkout": "chunk.cccc715370873a376690.js",
    "vendors~app-cart~app-checkout": "chunk.da797f82992654b0290d.js",
    "admin": [
      "admin.ccff3ae8965fa5b70e60.js",
      "admin.ccff3ae8965fa5b70e60.js.map"
    ],
    "app-account": "chunk.3ea4cb1fcf8ba0ea0720.js",
    "app-checkout": "chunk.b7c8f34b62f470315ae0.js",
    "app-confirmation": "chunk.28e434e821a0958ac294.js",
    "app-order": "chunk.d4056e06fe65841761d5.js",
    "checkout": [
      "checkout.b2874da91f12e12472b2.js",
      "checkout.b2874da91f12e12472b2.js.map"
    ],
    "storefront": [
      "storefront.28c833a7d2faf30e1176.css",
      "storefront.518bf40d4355cd1ddfc2.js",
      "storefront.28c833a7d2faf30e1176.css.map",
      "storefront.518bf40d4355cd1ddfc2.js.map"
    ],
    "vendors~app-cart": "chunk.6ba9c1e82451af344cd3.js"
  }
}