{
  "meta_title": "",
  "meta_description": "",
  "sections": [
    {
      "type": "responsive-banner",
      "img": "/img/uploads/capa-do-facebook-851x315-px.-3-.jpeg",
      "link": "https://lsrmultimarcas.netlify.app/promocao"
    },
    {
      "type": "banner-slider",
      "autoplay": 5000,
      "full_width": false,
      "slides": [
        {
          "start": "",
          "end": "",
          "img": "/img/uploads/capa-do-facebook-851x315-px.-5-.jpeg"
        },
        {
          "start": "",
          "end": "",
          "img": "/img/uploads/capa-do-facebook-851x315-px.-4-.jpeg"
        },
        {
          "start": "",
          "end": "",
          "img": "/img/uploads/capa-do-facebook-851x315-px.-3-.jpeg"
        }
      ]
    },
    {
      "type": "responsive-banner",
      "img": "/img/uploads/capa-do-facebook-851x315-px.-6-.jpeg"
    },
    {
      "type": "dynamic-showcase",
      "load_more": true,
      "sort": "news"
    }
  ]
}